<?xml version="1.0" encoding="UTF-8" standalone="yes"?>
<manifest>
  <control namespace="SampleNamespace" constructor="HelloPCF" version="1.0.0" display-name-key="Says hello" description-key="HelloPCF description" control-type="standard" api-version="1.3.5">
    <external-service-usage enabled="false"/>
    <property name="Name" display-name-key="Name" description-key="A name" of-type="SingleLine.Text" usage="bound" required="true"/>
    <resources>
      <code path="bundle.js" order="1"/>
      <css path="css/hello-pcf.css" order="1"/>
    </resources>
    <built-by name="pac" version="1.25.2"/>
  </control>
</manifest>